	target	n_pos	n_neg
0	CHEMBL2096680	16	34
1	CHEMBL2096682	83	61
2	CHEMBL1697676	26	1
3	CHEMBL4281	15	5
4	CHEMBL4282	928	373
5	CHEMBL4114	30	25
6	CHEMBL4117	45	7
7	CHEMBL4111	207	13
8	CHEMBL4734	14	8
9	CHEMBL4736	47	17
10	CHEMBL4731	19	8
11	CHEMBL4730	41	9
12	CHEMBL1937	233	97
13	CHEMBL2283	32	1
14	CHEMBL1169598	15	49
15	CHEMBL4601	87	72
16	CHEMBL1892	140	35
17	CHEMBL4602	21	61
18	CHEMBL4607	286	25
19	CHEMBL2107838	25	3
20	CHEMBL4608	255	174
21	CHEMBL1899	237	82
22	CHEMBL1898	976	135
23	CHEMBL4429	420	55
24	CHEMBL4428	17	55
25	CHEMBL1163108	12	61
26	CHEMBL4719	19	3
27	CHEMBL4420	36	1
28	CHEMBL1163101	16	57
29	CHEMBL4424	11	0
30	CHEMBL4427	306	148
31	CHEMBL4426	91	45
32	CHEMBL5080	12	11
33	CHEMBL5081	25	55
34	CHEMBL5082	15	64
35	CHEMBL5084	12	69
36	CHEMBL2626	124	56
37	CHEMBL5668	13	66
38	CHEMBL2949	314	789
39	CHEMBL2611	72	32
40	CHEMBL2966	132	227
41	CHEMBL2967	108	177
42	CHEMBL2964	49	53
43	CHEMBL2617	200	23
44	CHEMBL2095194	236	29
45	CHEMBL3563	261	232
46	CHEMBL2095197	192	36
47	CHEMBL2095190	94	109
48	CHEMBL3564	36	55
49	CHEMBL2095192	23	11
50	CHEMBL2095193	215	36
51	CHEMBL5062	60	0
52	CHEMBL3568	576	327
53	CHEMBL2095198	14	7
54	CHEMBL5067	146	43
55	CHEMBL3969	136	40
56	CHEMBL3965	40	46
57	CHEMBL612409	11	1
58	CHEMBL3961	125	83
59	CHEMBL3963	34	1
60	CHEMBL5466	15	67
61	CHEMBL5467	16	64
62	CHEMBL5464	20	61
63	CHEMBL5465	29	2
64	CHEMBL5462	32	6
65	CHEMBL5393	79	70
66	CHEMBL5399	15	0
67	CHEMBL5469	72	61
68	CHEMBL2382	154	3
69	CHEMBL2383	63	17
70	CHEMBL3706	1208	100
71	CHEMBL2384	100	8
72	CHEMBL2148	417	205
73	CHEMBL3490	28	244
74	CHEMBL3216	12	19
75	CHEMBL2147	385	185
76	CHEMBL3499	32	8
77	CHEMBL2094268	145	8
78	CHEMBL2094267	205	43
79	CHEMBL2094266	130	75
80	CHEMBL2548	48	12
81	CHEMBL3365	14	5
82	CHEMBL3815	409	98
83	CHEMBL3817	52	26
84	CHEMBL3816	195	69
85	CHEMBL3819	45	25
86	CHEMBL5261	33	42
87	CHEMBL2543	13	68
88	CHEMBL3572	409	233
89	CHEMBL3369	341	66
90	CHEMBL3368	52	5
91	CHEMBL3638	48	0
92	CHEMBL3145	340	207
93	CHEMBL3144	19	0
94	CHEMBL3142	504	143
95	CHEMBL3637	15	2
96	CHEMBL3636	92	52
97	CHEMBL3381	18	25
98	CHEMBL3383	33	22
99	CHEMBL3382	34	5
100	CHEMBL3385	42	137
101	CHEMBL3384	22	71
102	CHEMBL6044	41	15
103	CHEMBL3570	19	1
104	CHEMBL2097163	34	1
105	CHEMBL2097167	14	10
106	CHEMBL2097166	87	92
107	CHEMBL2097164	42	45
108	CHEMBL2097168	22	22
109	CHEMBL3032	33	75
110	CHEMBL3037	83	24
111	CHEMBL3571	1151	265
112	CHEMBL3034	34	6
113	CHEMBL4937	37	55
114	CHEMBL4931	38	7
115	CHEMBL2111463	30	2
116	CHEMBL2366437	18	10
117	CHEMBL2366432	12	0
118	CHEMBL2366433	20	4
119	CHEMBL2496	16	2
120	CHEMBL2095160	236	36
121	CHEMBL1293222	30	38
122	CHEMBL2493	21	61
123	CHEMBL1075025	27	5
124	CHEMBL1075024	24	18
125	CHEMBL1075021	35	0
126	CHEMBL2490	67	7
127	CHEMBL1075022	35	0
128	CHEMBL1075029	31	1
129	CHEMBL1075028	43	12
130	CHEMBL1255149	25	2
131	CHEMBL5567	29	7
132	CHEMBL2096986	60	44
133	CHEMBL2096987	134	41
134	CHEMBL1908389	18	54
135	CHEMBL2096985	38	0
136	CHEMBL2096980	99	80
137	CHEMBL2096981	20	3
138	CHEMBL1908383	12	60
139	CHEMBL1908382	15	57
140	CHEMBL1908381	12	60
141	CHEMBL1908387	20	52
142	CHEMBL1908386	19	53
143	CHEMBL1908385	18	54
144	CHEMBL2096989	89	19
145	CHEMBL3009	58	73
146	CHEMBL4566	728	94
147	CHEMBL2068	43	78
148	CHEMBL254	412	83
149	CHEMBL1952	369	192
150	CHEMBL1926488	47	20
151	CHEMBL4123	28	4
152	CHEMBL4124	1246	42
153	CHEMBL1957	781	372
154	CHEMBL1954	11	1
155	CHEMBL1955	181	108
156	CHEMBL4128	551	221
157	CHEMBL1075244	10	0
158	CHEMBL1958	14	1
159	CHEMBL1075246	16	3
160	CHEMBL1250368	17	8
161	CHEMBL2499	62	8
162	CHEMBL2535	10	10
163	CHEMBL4386	15	66
164	CHEMBL5728	22	51
165	CHEMBL4383	60	3
166	CHEMBL5724	13	23
167	CHEMBL5720	33	6
168	CHEMBL4636	23	9
169	CHEMBL4630	1219	370
170	CHEMBL4631	92	69
171	CHEMBL4632	30	5
172	CHEMBL4633	209	47
173	CHEMBL4414	268	31
174	CHEMBL4411	28	22
175	CHEMBL4908	52	0
176	CHEMBL5090	11	5
177	CHEMBL2085	99	88
178	CHEMBL5099	16	0
179	CHEMBL5098	47	5
180	CHEMBL5651	23	50
181	CHEMBL5650	11	69
182	CHEMBL2973	446	176
183	CHEMBL5654	11	68
184	CHEMBL2977	33	7
185	CHEMBL5659	23	56
186	CHEMBL2978	80	48
187	CHEMBL4702	35	75
188	CHEMBL2609	19	1
189	CHEMBL2608	15	38
190	CHEMBL3553	108	108
191	CHEMBL5071	900	47
192	CHEMBL5070	39	12
193	CHEMBL5073	25	57
194	CHEMBL5072	30	56
195	CHEMBL3559	191	131
196	CHEMBL5077	304	95
197	CHEMBL5076	333	5
198	CHEMBL3952	1285	256
199	CHEMBL5388	11	68
200	CHEMBL3956	12	67
201	CHEMBL3959	184	29
202	CHEMBL5381	29	0
203	CHEMBL5387	109	10
204	CHEMBL5474	16	31
205	CHEMBL2778	162	23
206	CHEMBL5471	224	43
207	CHEMBL2777	19	60
208	CHEMBL2391	42	1
209	CHEMBL2392	20	76
210	CHEMBL2395	22	12
211	CHEMBL2397	75	21
212	CHEMBL2157	19	8
213	CHEMBL291	85	17
214	CHEMBL290	88	15
215	CHEMBL299	635	345
216	CHEMBL298	1021	275
217	CHEMBL1795135	37	84
218	CHEMBL5280	10	3
219	CHEMBL2808	428	74
220	CHEMBL3820	294	51
221	CHEMBL2558	21	62
222	CHEMBL2801	93	77
223	CHEMBL5276	10	19
224	CHEMBL2803	151	179
225	CHEMBL5274	35	44
226	CHEMBL2553	54	97
227	CHEMBL1795126	45	0
228	CHEMBL5270	23	11
229	CHEMBL3608	16	41
230	CHEMBL3604	67	18
231	CHEMBL3935	73	54
232	CHEMBL3602	607	57
233	CHEMBL5426	17	62
234	CHEMBL2835	125	102
235	CHEMBL5631	101	16
236	CHEMBL1795138	43	0
237	CHEMBL6078	20	0
238	CHEMBL6079	23	27
239	CHEMBL3738	28	0
240	CHEMBL3730	11	15
241	CHEMBL3733	44	9
242	CHEMBL3735	58	111
243	CHEMBL3736	56	8
244	CHEMBL3737	53	18
245	CHEMBL5424	199	24
246	CHEMBL1075104	24	48
247	CHEMBL3047	19	32
248	CHEMBL3045	316	110
249	CHEMBL3041	59	1
250	CHEMBL3048	215	148
251	CHEMBL2111473	35	0
252	CHEMBL2111474	33	47
253	CHEMBL4600	18	82
254	CHEMBL1667666	13	13
255	CHEMBL3753	26	23
256	CHEMBL3751	21	1
257	CHEMBL3204	27	37
258	CHEMBL1075036	29	4
259	CHEMBL2111369	17	24
260	CHEMBL6148	15	4
261	CHEMBL6108	23	1
262	CHEMBL1792	191	37
263	CHEMBL1697658	17	6
264	CHEMBL4422	31	1
265	CHEMBL1163104	11	62
266	CHEMBL1941	194	204
267	CHEMBL4136	34	12
268	CHEMBL4135	65	39
269	CHEMBL4134	27	54
270	CHEMBL1945	743	92
271	CHEMBL4132	61	0
272	CHEMBL1947	345	67
273	CHEMBL4130	237	32
274	CHEMBL1949	41	94
275	CHEMBL4139	12	26
276	CHEMBL300	16	0
277	CHEMBL1250375	83	7
278	CHEMBL4393	240	189
279	CHEMBL4391	53	29
280	CHEMBL4394	84	9
281	CHEMBL5861	25	49
282	CHEMBL5718	11	0
283	CHEMBL5719	12	68
284	CHEMBL4620	78	90
285	CHEMBL4627	19	53
286	CHEMBL4625	181	100
287	CHEMBL1163120	10	65
288	CHEMBL4402	52	30
289	CHEMBL1163122	25	2
290	CHEMBL1163124	19	54
291	CHEMBL1163126	18	56
292	CHEMBL1163128	11	62
293	CHEMBL1163129	17	55
294	CHEMBL4409	296	20
295	CHEMBL4408	41	26
296	CHEMBL5666	22	33
297	CHEMBL5667	20	59
298	CHEMBL2940	52	18
299	CHEMBL5662	87	14
300	CHEMBL4718	54	68
301	CHEMBL4241	29	14
302	CHEMBL4715	25	95
303	CHEMBL4713	10	4
304	CHEMBL4247	243	142
305	CHEMBL4246	12	78
306	CHEMBL2016	163	37
307	CHEMBL2014	1075	166
308	CHEMBL2015	35	24
309	CHEMBL5044	10	69
310	CHEMBL5047	25	48
311	CHEMBL3913	90	28
312	CHEMBL2366581	14	56
313	CHEMBL3945	21	34
314	CHEMBL3943	234	63
315	CHEMBL3942	140	24
316	CHEMBL2498	27	1
317	CHEMBL2963	17	16
318	CHEMBL5440	35	22
319	CHEMBL5441	362	62
320	CHEMBL2494	12	91
321	CHEMBL5443	198	21
322	CHEMBL2492	138	115
323	CHEMBL5445	21	45
324	CHEMBL3949	293	137
325	CHEMBL3948	752	36
326	CHEMBL2708	52	75
327	CHEMBL2706	38	22
328	CHEMBL288	379	131
329	CHEMBL280	1894	322
330	CHEMBL281	1153	55
331	CHEMBL283	1581	420
332	CHEMBL284	2625	600
333	CHEMBL285	636	243
334	CHEMBL286	1945	209
335	CHEMBL287	1699	88
336	CHEMBL2121	10	0
337	CHEMBL5938	49	85
338	CHEMBL2128	25	5
339	CHEMBL1250417	22	22
340	CHEMBL2096979	61	4
341	CHEMBL3833	12	0
342	CHEMBL3831	24	72
343	CHEMBL3830	34	48
344	CHEMBL3837	912	452
345	CHEMBL3836	54	124
346	CHEMBL3835	65	107
347	CHEMBL3834	25	67
348	CHEMBL5283	20	5
349	CHEMBL3549	17	0
350	CHEMBL3548	71	40
351	CHEMBL5284	31	56
352	CHEMBL3542	15	64
353	CHEMBL3541	46	19
354	CHEMBL2830	18	3
355	CHEMBL3545	13	22
356	CHEMBL3544	18	5
357	CHEMBL3616	207	97
358	CHEMBL3614	167	66
359	CHEMBL2095196	33	28
360	CHEMBL6069	22	10
361	CHEMBL6068	21	16
362	CHEMBL2096971	19	0
363	CHEMBL3565	56	0
364	CHEMBL3111	11	4
365	CHEMBL3569	31	5
366	CHEMBL3729	196	102
367	CHEMBL3726	29	9
368	CHEMBL3724	40	2
369	CHEMBL3720	38	13
370	CHEMBL1075134	30	0
371	CHEMBL1075133	27	47
372	CHEMBL2366588	20	0
373	CHEMBL2095199	19	2
374	CHEMBL3055	73	60
375	CHEMBL1250416	10	12
376	CHEMBL3056	14	11
377	CHEMBL2366456	34	20
378	CHEMBL1649055	41	14
379	CHEMBL1649054	45	0
380	CHEMBL2111393	56	3
381	CHEMBL1293200	14	8
382	CHEMBL1781865	12	2
383	CHEMBL1781862	48	1
384	CHEMBL2111391	22	7
385	CHEMBL2111390	21	1
386	CHEMBL6095	18	23
387	CHEMBL1974	567	136
388	CHEMBL1075269	23	0
389	CHEMBL1977	51	18
390	CHEMBL1970	20	6
391	CHEMBL1971	41	15
392	CHEMBL1973	25	44
393	CHEMBL1075263	18	0
394	CHEMBL1075261	38	2
395	CHEMBL5916	21	12
396	CHEMBL5917	16	16
397	CHEMBL5914	32	41
398	CHEMBL1944490	21	9
399	CHEMBL5017	170	31
400	CHEMBL1826	28	5
401	CHEMBL5015	36	2
402	CHEMBL1827	1173	246
403	CHEMBL5871	11	32
404	CHEMBL5704	106	20
405	CHEMBL5703	20	59
406	CHEMBL1824	919	445
407	CHEMBL5701	37	38
408	CHEMBL5879	13	38
409	CHEMBL4657	438	976
410	CHEMBL4655	21	3
411	CHEMBL4652	146	3
412	CHEMBL4098	23	2
413	CHEMBL5547	22	57
414	CHEMBL4090	29	96
415	CHEMBL4091	46	27
416	CHEMBL4092	44	15
417	CHEMBL4093	366	86
418	CHEMBL4477	147	84
419	CHEMBL4472	118	72
420	CHEMBL4471	355	112
421	CHEMBL4478	121	10
422	CHEMBL4176	49	74
423	CHEMBL5697	82	71
424	CHEMBL3701	19	1
425	CHEMBL2959	432	165
426	CHEMBL5676	10	9
427	CHEMBL2955	51	119
428	CHEMBL2954	1284	222
429	CHEMBL4277	17	0
430	CHEMBL4270	11	12
431	CHEMBL4273	12	70
432	CHEMBL2001	590	68
433	CHEMBL5052	14	66
434	CHEMBL2003	171	103
435	CHEMBL2002	500	103
436	CHEMBL2004	107	14
437	CHEMBL2007	177	75
438	CHEMBL2242743	10	46
439	CHEMBL4503	37	1
440	CHEMBL4501	98	98
441	CHEMBL4506	74	107
442	CHEMBL4505	10	28
443	CHEMBL2489	103	55
444	CHEMBL2488	100	56
445	CHEMBL5457	171	40
446	CHEMBL5456	24	0
447	CHEMBL5455	22	65
448	CHEMBL5453	45	22
449	CHEMBL2480	64	19
450	CHEMBL5451	73	6
451	CHEMBL5450	40	7
452	CHEMBL2714	109	67
453	CHEMBL2717	63	24
454	CHEMBL2716	57	85
455	CHEMBL3446	69	73
456	CHEMBL3444	21	24
457	CHEMBL4752	19	3
458	CHEMBL3994	37	12
459	CHEMBL3996	360	51
460	CHEMBL3997	39	5
461	CHEMBL3991	253	105
462	CHEMBL3993	10	3
463	CHEMBL2131	15	33
464	CHEMBL2094250	790	56
465	CHEMBL2094251	306	63
466	CHEMBL2094253	70	40
467	CHEMBL2094254	216	16
468	CHEMBL2094255	103	130
469	CHEMBL2094256	227	12
470	CHEMBL2094257	114	67
471	CHEMBL3840	17	11
472	CHEMBL2820	62	41
473	CHEMBL5297	17	0
474	CHEMBL3534	42	9
475	CHEMBL2828	52	81
476	CHEMBL3194	24	18
477	CHEMBL4892	206	17
478	CHEMBL4893	377	157
479	CHEMBL3190	35	14
480	CHEMBL4895	79	68
481	CHEMBL3660	41	15
482	CHEMBL4897	87	106
483	CHEMBL4898	36	67
484	CHEMBL4899	160	78
485	CHEMBL3198	164	49
486	CHEMBL3199	587	262
487	CHEMBL6016	11	9
488	CHEMBL2225	20	59
489	CHEMBL6013	21	56
490	CHEMBL3286	669	361
491	CHEMBL3288	23	6
492	CHEMBL3068	17	24
493	CHEMBL3060	95	283
494	CHEMBL3062	32	74
495	CHEMBL3063	13	5
496	CHEMBL3065	10	0
497	CHEMBL3066	465	46
498	CHEMBL3067	21	8
499	CHEMBL3268	91	100
500	CHEMBL3262	51	38
501	CHEMBL3263	28	0
502	CHEMBL3266	16	4
503	CHEMBL3267	584	187
504	CHEMBL2366467	15	6
505	CHEMBL6123	25	54
506	CHEMBL6120	21	5
507	CHEMBL2366461	47	56
508	CHEMBL3813	77	6
509	CHEMBL2111381	35	2
510	CHEMBL2111386	11	7
511	CHEMBL2111385	53	6
512	CHEMBL2111389	32	8
513	CHEMBL2366489	12	0
514	CHEMBL3361	56	6
515	CHEMBL2366481	46	49
516	CHEMBL5260	26	53
517	CHEMBL3818	22	11
518	CHEMBL5619	34	156
519	CHEMBL4878	35	0
520	CHEMBL5615	13	66
521	CHEMBL2814	29	20
522	CHEMBL2815	193	112
523	CHEMBL1075302	23	1
524	CHEMBL1075305	12	16
525	CHEMBL1075307	18	69
526	CHEMBL1795127	27	61
527	CHEMBL1963	20	0
528	CHEMBL1962	86	11
529	CHEMBL1966	232	242
530	CHEMBL3226	25	6
531	CHEMBL3227	426	91
532	CHEMBL5903	19	60
533	CHEMBL5905	16	4
534	CHEMBL5907	20	59
535	CHEMBL5906	12	11
536	CHEMBL2563	67	82
537	CHEMBL2560	21	0
538	CHEMBL5845	15	28
539	CHEMBL5847	18	8
540	CHEMBL4649	436	25
541	CHEMBL4648	15	7
542	CHEMBL4644	324	250
543	CHEMBL4647	37	26
544	CHEMBL4641	191	21
545	CHEMBL2111327	21	1
546	CHEMBL4088	36	24
547	CHEMBL4087	18	0
548	CHEMBL4086	34	23
549	CHEMBL3229	766	285
550	CHEMBL4081	60	51
551	CHEMBL4080	95	5
552	CHEMBL4464	32	1
553	CHEMBL4466	15	0
554	CHEMBL4462	56	154
555	CHEMBL4469	11	0
556	CHEMBL4468	31	0
557	CHEMBL5038	23	25
558	CHEMBL5669	159	4
559	CHEMBL3921	134	21
560	CHEMBL5608	28	54
561	CHEMBL5606	13	68
562	CHEMBL5607	21	54
563	CHEMBL5604	17	62
564	CHEMBL5602	15	6
565	CHEMBL5600	20	74
566	CHEMBL5601	16	0
567	CHEMBL4263	36	53
568	CHEMBL4261	59	72
569	CHEMBL4267	26	82
570	CHEMBL4265	12	9
571	CHEMBL215	730	243
572	CHEMBL5026	32	15
573	CHEMBL5027	45	19
574	CHEMBL5024	51	18
575	CHEMBL5023	109	64
576	CHEMBL4513	11	4
577	CHEMBL4512	12	4
578	CHEMBL2039	598	375
579	CHEMBL5028	128	17
580	CHEMBL1293255	37	1
581	CHEMBL211	1006	191
582	CHEMBL5112	64	8
583	CHEMBL5113	144	43
584	CHEMBL2722	376	36
585	CHEMBL2723	19	12
586	CHEMBL5116	14	59
587	CHEMBL2725	114	44
588	CHEMBL3983	54	56
589	CHEMBL2109	18	67
590	CHEMBL3981	49	32
591	CHEMBL3980	22	58
592	CHEMBL3987	21	62
593	CHEMBL3986	19	1
594	CHEMBL3457	61	9
595	CHEMBL3456	49	5
596	CHEMBL2452	15	19
597	CHEMBL5330	37	39
598	CHEMBL5331	38	46
599	CHEMBL5337	99	26
600	CHEMBL5334	26	54
601	CHEMBL2107	115	65
602	CHEMBL4619	26	8
603	CHEMBL3859	91	31
604	CHEMBL3858	18	26
605	CHEMBL2109234	31	10
606	CHEMBL3855	39	25
607	CHEMBL2584	14	0
608	CHEMBL2857	276	132
609	CHEMBL2854	532	41
610	CHEMBL3529	36	97
611	CHEMBL3528	14	16
612	CHEMBL2850	156	188
613	CHEMBL3524	185	111
614	CHEMBL3526	95	20
615	CHEMBL3521	50	133
616	CHEMBL2858	198	23
617	CHEMBL3522	299	45
618	CHEMBL3674	17	15
619	CHEMBL3676	58	3
620	CHEMBL6009	148	21
621	CHEMBL2219	19	45
622	CHEMBL6005	29	52
623	CHEMBL6007	25	17
624	CHEMBL6006	19	55
625	CHEMBL6000	23	50
626	CHEMBL6003	13	73
627	CHEMBL2213	38	2
628	CHEMBL4328	13	0
629	CHEMBL3295	26	17
630	CHEMBL5102	355	63
631	CHEMBL2413	306	92
632	CHEMBL3290	28	88
633	CHEMBL3078	10	3
634	CHEMBL1169595	14	0
635	CHEMBL3074	23	6
636	CHEMBL3072	190	102
637	CHEMBL3071	18	11
638	CHEMBL3070	111	28
639	CHEMBL4599	83	67
640	CHEMBL2637	528	215
641	CHEMBL3272	91	32
642	CHEMBL2634	45	84
643	CHEMBL2366470	21	3
644	CHEMBL2366472	47	8
645	CHEMBL1770034	19	56
646	CHEMBL6137	133	123
647	CHEMBL6136	22	10
648	CHEMBL5912	11	69
649	CHEMBL3189	22	57
650	CHEMBL1293266	25	43
651	CHEMBL3183	20	4
652	CHEMBL3181	196	53
653	CHEMBL3180	98	46
654	CHEMBL3464	158	352
655	CHEMBL2366498	10	0
656	CHEMBL3465	147	4
657	CHEMBL1075061	10	0
658	CHEMBL1978	1074	312
659	CHEMBL2564	585	147
660	CHEMBL2291	13	0
661	CHEMBL2292	93	144
662	CHEMBL4860	211	59
663	CHEMBL2111288	47	10
664	CHEMBL5320	22	65
665	CHEMBL2113	29	22
666	CHEMBL2447	52	6
667	CHEMBL2569	146	15
668	CHEMBL2111461	17	1
669	CHEMBL1918	109	43
670	CHEMBL1919	150	13
671	CHEMBL1916	408	31
672	CHEMBL1917	100	21
673	CHEMBL1914	862	644
674	CHEMBL1915	56	27
675	CHEMBL1913	557	302
676	CHEMBL1910	48	10
677	CHEMBL1075205	13	8
678	CHEMBL5931	34	7
679	CHEMBL5932	57	67
680	CHEMBL4187	69	15
681	CHEMBL4181	19	23
682	CHEMBL5658	206	43
683	CHEMBL4188	125	18
684	CHEMBL5859	15	20
685	CHEMBL5857	14	7
686	CHEMBL5856	16	57
687	CHEMBL5855	11	72
688	CHEMBL1822	89	23
689	CHEMBL1820	71	33
690	CHEMBL1821	365	137
691	CHEMBL4674	16	103
692	CHEMBL4675	57	81
693	CHEMBL4676	46	5
694	CHEMBL4677	11	31
695	CHEMBL4679	10	17
696	CHEMBL1828	30	77
697	CHEMBL1829	227	126
698	CHEMBL4072	659	567
699	CHEMBL4073	387	218
700	CHEMBL4070	23	57
701	CHEMBL4071	119	108
702	CHEMBL4077	172	45
703	CHEMBL4074	497	134
704	CHEMBL2592	20	11
705	CHEMBL4078	803	504
706	CHEMBL4508	91	5
707	CHEMBL4698	258	17
708	CHEMBL4699	131	80
709	CHEMBL4692	25	0
710	CHEMBL4693	15	4
711	CHEMBL4696	75	328
712	CHEMBL5582	114	10
713	CHEMBL2939	12	97
714	CHEMBL2938	174	48
715	CHEMBL2935	74	2
716	CHEMBL2934	34	5
717	CHEMBL2937	16	2
718	CHEMBL5610	19	3
719	CHEMBL2933	12	5
720	CHEMBL2028	145	69
721	CHEMBL4211	47	0
722	CHEMBL5035	57	11
723	CHEMBL5036	255	3
724	CHEMBL5031	58	10
725	CHEMBL5033	22	43
726	CHEMBL5032	14	0
727	CHEMBL4524	16	64
728	CHEMBL4525	27	56
729	CHEMBL4526	33	47
730	CHEMBL4527	36	45
731	CHEMBL4521	14	11
732	CHEMBL4522	31	49
733	CHEMBL4523	220	142
734	CHEMBL3518	12	23
735	CHEMBL3663	118	58
736	CHEMBL5101	10	8
737	CHEMBL2736	156	119
738	CHEMBL5103	94	30
739	CHEMBL4329	82	19
740	CHEMBL2731	25	1
741	CHEMBL2730	81	41
742	CHEMBL4323	20	23
743	CHEMBL4320	16	46
744	CHEMBL4321	267	127
745	CHEMBL4454	48	49
746	CHEMBL4327	28	20
747	CHEMBL2738	24	58
748	CHEMBL2095231	104	96
749	CHEMBL5328	113	103
750	CHEMBL3467	18	20
751	CHEMBL3460	14	7
752	CHEMBL3461	45	6
753	CHEMBL2118	17	15
754	CHEMBL2116	17	63
755	CHEMBL2114	14	0
756	CHEMBL3468	310	50
757	CHEMBL5327	23	0
758	CHEMBL2110	16	7
759	CHEMBL2599	261	191
760	CHEMBL3863	108	81
761	CHEMBL3864	46	97
762	CHEMBL1795168	12	9
763	CHEMBL3868	87	18
764	CHEMBL3869	421	194
765	CHEMBL1795165	16	57
766	CHEMBL2590	210	412
767	CHEMBL2595	26	55
768	CHEMBL2594	17	1
769	CHEMBL3510	241	31
770	CHEMBL3511	18	31
771	CHEMBL3513	36	31
772	CHEMBL3514	220	10
773	CHEMBL3516	32	22
774	CHEMBL2842	953	212
775	CHEMBL2023	12	6
776	CHEMBL2027	67	24
777	CHEMBL2026	127	119
778	CHEMBL4708	34	69
779	CHEMBL2363	617	436
780	CHEMBL3880	151	63
781	CHEMBL3881	29	8
782	CHEMBL3886	34	72
783	CHEMBL3884	559	66
784	CHEMBL2203	79	20
785	CHEMBL6032	22	33
786	CHEMBL2205	21	5
787	CHEMBL2208	472	369
788	CHEMBL6030	31	6
789	CHEMBL2200	46	17
790	CHEMBL248	1211	367
791	CHEMBL3081	171	131
792	CHEMBL3084	21	12
793	CHEMBL3085	44	55
794	CHEMBL4983	54	11
795	CHEMBL4980	537	274
796	CHEMBL3246	14	9
797	CHEMBL3247	680	119
798	CHEMBL3241	35	1
799	CHEMBL3242	479	38
800	CHEMBL3243	108	158
801	CHEMBL239	952	514
802	CHEMBL238	1770	615
803	CHEMBL231	610	182
804	CHEMBL230	1837	823
805	CHEMBL233	2421	473
806	CHEMBL232	999	133
807	CHEMBL235	1482	392
808	CHEMBL234	2478	306
809	CHEMBL237	2244	466
810	CHEMBL236	2279	677
811	CHEMBL3649	96	134
812	CHEMBL242	1240	221
813	CHEMBL3640	17	76
814	CHEMBL3646	30	16
815	CHEMBL1075079	13	10
816	CHEMBL4774	15	24
817	CHEMBL4852	36	44
818	CHEMBL4853	19	60
819	CHEMBL2096663	43	28
820	CHEMBL2096661	285	116
821	CHEMBL2096666	61	12
822	CHEMBL2096665	88	30
823	CHEMBL2096664	229	18
824	CHEMBL1908	340	29
825	CHEMBL1904	69	3
826	CHEMBL1907	81	198
827	CHEMBL1906	336	117
828	CHEMBL1901	341	75
829	CHEMBL1900	544	96
830	CHEMBL1903	70	35
831	CHEMBL1902	297	147
832	CHEMBL1293194	15	7
833	CHEMBL1075214	21	10
834	CHEMBL5645	450	19
835	CHEMBL4197	34	20
836	CHEMBL4191	90	87
837	CHEMBL4199	11	3
838	CHEMBL4198	203	57
839	CHEMBL5825	11	4
840	CHEMBL4666	34	8
841	CHEMBL1833	670	49
842	CHEMBL4664	33	0
843	CHEMBL1835	681	117
844	CHEMBL4662	63	6
845	CHEMBL1837	69	22
846	CHEMBL1836	324	72
847	CHEMBL4062	52	1
848	CHEMBL4065	11	3
849	CHEMBL4068	315	62
850	CHEMBL1926495	12	2
851	CHEMBL2096911	20	22
852	CHEMBL2096912	10	6
853	CHEMBL4681	32	17
854	CHEMBL4680	24	3
855	CHEMBL4683	77	256
856	CHEMBL4685	95	155
857	CHEMBL2096984	22	30
858	CHEMBL4687	85	19
859	CHEMBL2675	21	15
860	CHEMBL3829	16	64
861	CHEMBL5620	12	0
862	CHEMBL2902	225	81
863	CHEMBL2903	127	110
864	CHEMBL5627	28	55
865	CHEMBL4204	35	75
866	CHEMBL4201	12	5
867	CHEMBL4203	104	53
868	CHEMBL4202	52	34
869	CHEMBL2034805	17	8
870	CHEMBL4531	26	78
871	CHEMBL4530	10	3
872	CHEMBL2000	76	91
873	CHEMBL2693	53	10
874	CHEMBL2695	172	139
875	CHEMBL5485	33	19
876	CHEMBL5480	50	45
877	CHEMBL5483	19	64
878	CHEMBL4338	207	50
879	CHEMBL5136	282	32
880	CHEMBL5137	279	85
881	CHEMBL5131	106	206
882	CHEMBL2008	181	86
883	CHEMBL4333	424	32
884	CHEMBL4444	30	174
885	CHEMBL4335	14	0
886	CHEMBL4442	12	74
887	CHEMBL4441	555	65
888	CHEMBL4336	194	35
889	CHEMBL2095221	149	55
890	CHEMBL2095226	52	43
891	CHEMBL5319	47	35
892	CHEMBL2474	32	107
893	CHEMBL2095228	232	101
894	CHEMBL2095229	46	6
895	CHEMBL2470	46	13
896	CHEMBL5311	10	69
897	CHEMBL2242744	12	6
898	CHEMBL2878	36	0
899	CHEMBL3872	27	15
900	CHEMBL3871	11	38
901	CHEMBL3870	32	5
902	CHEMBL2870	30	53
903	CHEMBL2871	930	258
904	CHEMBL2872	62	70
905	CHEMBL2873	30	65
906	CHEMBL3878	46	1
907	CHEMBL5008	12	32
908	CHEMBL5010	31	4
909	CHEMBL3505	19	18
910	CHEMBL3504	21	15
911	CHEMBL3503	23	22
912	CHEMBL3501	358	100
913	CHEMBL5552	20	59
914	CHEMBL5002	10	2
915	CHEMBL2055	167	105
916	CHEMBL5557	16	6
917	CHEMBL5554	18	67
918	CHEMBL2051	221	89
919	CHEMBL3898	318	22
920	CHEMBL2094128	605	311
921	CHEMBL3891	475	61
922	CHEMBL3890	123	159
923	CHEMBL3892	254	91
924	CHEMBL3895	10	1
925	CHEMBL3897	122	24
926	CHEMBL3896	26	0
927	CHEMBL2276	645	253
928	CHEMBL2274	170	22
929	CHEMBL2275	74	17
930	CHEMBL2273	13	3
931	CHEMBL6029	31	69
932	CHEMBL3478	176	39
933	CHEMBL3473	731	60
934	CHEMBL3471	392	681
935	CHEMBL3476	259	168
936	CHEMBL3475	150	103
937	CHEMBL3474	236	93
938	CHEMBL3092	31	5
939	CHEMBL3094	10	100
940	CHEMBL3252	55	89
941	CHEMBL3255	18	13
942	CHEMBL3254	186	10
943	CHEMBL6110	26	6
944	CHEMBL2305	23	7
945	CHEMBL2111354	12	19
946	CHEMBL2111357	71	16
947	CHEMBL229	1122	65
948	CHEMBL2111351	18	8
949	CHEMBL2111353	11	18
950	CHEMBL222	2167	343
951	CHEMBL223	845	39
952	CHEMBL220	1624	985
953	CHEMBL226	2536	496
954	CHEMBL227	407	10
955	CHEMBL224	2046	204
956	CHEMBL225	1890	361
957	CHEMBL3658	119	35
958	CHEMBL3656	58	63
959	CHEMBL3655	185	51
960	CHEMBL2487	193	38
961	CHEMBL3651	14	2
962	CHEMBL3650	522	341
963	CHEMBL1075044	14	14
964	CHEMBL1940	56	39
965	CHEMBL1075048	25	0
966	CHEMBL3491	18	1
967	CHEMBL4840	30	36
968	CHEMBL4849	12	68
969	CHEMBL4121	15	68
970	CHEMBL1951	429	410
971	CHEMBL1075195	26	46
972	CHEMBL1935	42	3
973	CHEMBL1936	521	133
974	CHEMBL1075228	144	15
975	CHEMBL1939	137	8
976	CHEMBL5956	14	1
977	CHEMBL2096674	68	60
978	CHEMBL2096675	161	15
979	CHEMBL2096677	21	100
980	CHEMBL2096671	141	26
981	CHEMBL2096673	10	5
982	CHEMBL1921664	45	7
983	CHEMBL1921666	13	1
984	CHEMBL2501	22	26
985	CHEMBL5838	16	57
986	CHEMBL5836	42	31
987	CHEMBL5831	20	0
988	CHEMBL5833	10	8
989	CHEMBL5832	27	39
990	CHEMBL1804	192	94
991	CHEMBL1805	119	7
992	CHEMBL1806	18	109
993	CHEMBL1800	1300	172
994	CHEMBL1801	465	643
995	CHEMBL1803	120	9
996	CHEMBL1808	378	151
997	CHEMBL1809	40	14
998	CHEMBL4054	98	5
999	CHEMBL4051	52	34
1000	CHEMBL2096905	35	7
1001	CHEMBL3920	424	109
1002	CHEMBL2916	248	174
1003	CHEMBL2915	18	0
1004	CHEMBL3227915	36	46
1005	CHEMBL2912	43	4
1006	CHEMBL2911	21	0
1007	CHEMBL4234	111	14
1008	CHEMBL4235	1371	143
1009	CHEMBL2919	43	43
1010	CHEMBL2918	11	78
1011	CHEMBL1790	345	75
1012	CHEMBL1791	42	0
1013	CHEMBL4540	14	14
1014	CHEMBL1793	26	1
1015	CHEMBL1798	40	1
1016	CHEMBL4549	49	0
1017	CHEMBL5498	65	33
1018	CHEMBL5492	19	1
1019	CHEMBL5491	271	92
1020	CHEMBL5490	13	0
1021	CHEMBL5129	11	66
1022	CHEMBL3848	13	0
1023	CHEMBL5122	36	47
1024	CHEMBL3849	21	36
1025	CHEMBL4308	470	19
1026	CHEMBL4304	42	39
1027	CHEMBL4305	28	2
1028	CHEMBL4306	307	41
1029	CHEMBL4302	606	212
1030	CHEMBL4303	166	40
1031	CHEMBL2304405	30	23
1032	CHEMBL2304404	159	82
1033	CHEMBL2304407	17	0
1034	CHEMBL2304406	12	0
1035	CHEMBL5306	47	1
1036	CHEMBL2304402	68	20
1037	CHEMBL2468	46	72
1038	CHEMBL3437	71	12
1039	CHEMBL2868	268	31
1040	CHEMBL2866	39	5
1041	CHEMBL2864	42	38
1042	CHEMBL2860	32	40
1043	CHEMBL5549	17	1
1044	CHEMBL2049	320	16
1045	CHEMBL5541	22	1
1046	CHEMBL5543	57	57
1047	CHEMBL5014	39	48
1048	CHEMBL5545	24	33
1049	CHEMBL5546	10	69
1050	CHEMBL3313	89	0
1051	CHEMBL3310	41	28
1052	CHEMBL3311	17	0
1053	CHEMBL3317	19	13
1054	CHEMBL3314	139	160
1055	CHEMBL3318	133	407
1056	CHEMBL1075284	28	1
1057	CHEMBL2265	225	180
1058	CHEMBL2263	11	30
1059	CHEMBL5298	24	9
1060	CHEMBL2269	12	5
1061	CHEMBL3535	19	38
1062	CHEMBL3798	293	24
1063	CHEMBL3799	23	6
1064	CHEMBL3797	19	80
1065	CHEMBL3795	224	96
1066	CHEMBL5427	27	51
1067	CHEMBL3439	57	2
1068	CHEMBL5896	14	15
1069	CHEMBL2095217	51	44
1070	CHEMBL2095216	113	23
1071	CHEMBL3404	10	10
1072	CHEMBL3403	109	134
1073	CHEMBL3401	48	38
1074	CHEMBL3195	12	0
1075	CHEMBL2319	52	81
1076	CHEMBL2318	164	53
1077	CHEMBL3224	38	5
1078	CHEMBL3197	19	2
1079	CHEMBL3222	237	65
1080	CHEMBL3223	340	23
1081	CHEMBL6169	22	12
1082	CHEMBL6166	33	49
1083	CHEMBL6167	15	64
1084	CHEMBL6162	18	61
1085	CHEMBL2316	20	0
1086	CHEMBL2111344	19	3
1087	CHEMBL2111343	20	0
1088	CHEMBL219	1664	216
1089	CHEMBL218	2301	460
1090	CHEMBL217	3620	940
1091	CHEMBL216	847	243
1092	CHEMBL214	2661	368
1093	CHEMBL213	633	180
1094	CHEMBL212	13	16
1095	CHEMBL210	643	133
1096	CHEMBL3741	18	11
1097	CHEMBL2094138	151	359
1098	CHEMBL1075051	55	46
1099	CHEMBL3138	487	32
1100	CHEMBL3130	355	138
1101	CHEMBL4837	48	0
1102	CHEMBL4838	27	4
1103	CHEMBL2345	69	119
1104	CHEMBL4237	76	113
1105	CHEMBL4948	44	30
1106	CHEMBL4941	51	1
1107	CHEMBL4944	13	0
1108	CHEMBL2221348	46	5
1109	CHEMBL2221347	16	2
1110	CHEMBL264	2408	114
1111	CHEMBL1926	430	183
1112	CHEMBL1923	30	6
1113	CHEMBL1921	152	33
1114	CHEMBL262	1262	524
1115	CHEMBL1929	45	139
1116	CHEMBL5947	10	0
1117	CHEMBL5941	24	66
1118	CHEMBL5940	20	66
1119	CHEMBL6084	68	18
1120	CHEMBL5800	65	85
1121	CHEMBL5808	12	67
1122	CHEMBL1811	568	140
1123	CHEMBL4042	14	31
1124	CHEMBL4040	119	343
1125	CHEMBL4047	54	25
1126	CHEMBL4045	22	59
1127	CHEMBL4229	14	1
1128	CHEMBL4226	37	78
1129	CHEMBL4225	72	46
1130	CHEMBL4224	111	54
1131	CHEMBL4223	46	37
1132	CHEMBL4222	33	62
1133	CHEMBL2672	32	0
1134	CHEMBL4554	60	4
1135	CHEMBL4556	28	9
1136	CHEMBL2676	82	1
1137	CHEMBL4550	182	9
1138	CHEMBL4552	586	73
1139	CHEMBL4559	67	65
1140	CHEMBL1907599	877	94
1141	CHEMBL1907598	1013	168
1142	CHEMBL1907596	969	219
1143	CHEMBL1907595	61	13
1144	CHEMBL1907594	62	42
1145	CHEMBL1907593	63	46
1146	CHEMBL1907592	61	9
1147	CHEMBL1907590	45	16
1148	CHEMBL2971	550	154
1149	CHEMBL3988	23	64
1150	CHEMBL5158	72	9
1151	CHEMBL2605	15	12
1152	CHEMBL4312	23	58
1153	CHEMBL4311	14	66
1154	CHEMBL4317	120	58
1155	CHEMBL4315	93	14
1156	CHEMBL4314	13	1
1157	CHEMBL5790	20	60
1158	CHEMBL5791	10	0
1159	CHEMBL4319	23	23
1160	CHEMBL2602	22	8
1161	CHEMBL2414	199	102
1162	CHEMBL5375	791	365
1163	CHEMBL5372	39	1
1164	CHEMBL5657	10	0
1165	CHEMBL2411	63	25
1166	CHEMBL5378	39	128
1167	CHEMBL2787	64	43
1168	CHEMBL2782	100	59
1169	CHEMBL2780	27	0
1170	CHEMBL4701	114	30
1171	CHEMBL2890	10	9
1172	CHEMBL2896	14	66
1173	CHEMBL2897	21	68
1174	CHEMBL1795190	36	5
1175	CHEMBL2898	27	8
1176	CHEMBL2899	26	20
1177	CHEMBL2072	32	29
1178	CHEMBL2073	78	58
1179	CHEMBL5578	17	7
1180	CHEMBL5579	31	49
1181	CHEMBL1782	96	47
1182	CHEMBL1781	216	168
1183	CHEMBL4707	12	2
1184	CHEMBL1787	390	32
1185	CHEMBL1785	650	353
1186	CHEMBL1784	24	6
1187	CHEMBL2528	57	8
1188	CHEMBL3305	87	14
1189	CHEMBL2250	52	52
1190	CHEMBL2252	74	20
1191	CHEMBL2526	91	34
1192	CHEMBL2527	243	183
1193	CHEMBL2525	374	82
1194	CHEMBL2099	29	20
1195	CHEMBL2096	21	13
1196	CHEMBL5373	239	20
1197	CHEMBL3788	42	58
1198	CHEMBL3785	254	21
1199	CHEMBL3781	10	0
1200	CHEMBL3780	39	14
1201	CHEMBL3783	21	18
1202	CHEMBL3419	65	19
1203	CHEMBL2095200	130	52
1204	CHEMBL3414	56	4
1205	CHEMBL3416	33	0
1206	CHEMBL2095204	386	227
1207	CHEMBL2095205	72	20
1208	CHEMBL3412	29	0
1209	CHEMBL3235	20	29
1210	CHEMBL3234	274	120
1211	CHEMBL3231	339	168
1212	CHEMBL2329	167	10
1213	CHEMBL2095188	268	151
1214	CHEMBL6175	13	6
1215	CHEMBL2325	39	0
1216	CHEMBL2326	192	57
1217	CHEMBL2327	734	123
1218	CHEMBL2322	22	25
1219	CHEMBL6172	11	8
1220	CHEMBL2111373	21	5
1221	CHEMBL2111372	32	91
1222	CHEMBL202	549	226
1223	CHEMBL1681621	31	20
1224	CHEMBL204	3554	1830
1225	CHEMBL205	2701	361
1226	CHEMBL206	1252	353
1227	CHEMBL2111374	26	1
1228	CHEMBL208	943	232
1229	CHEMBL209	876	529
1230	CHEMBL2781	145	40
1231	CHEMBL2813	20	1
1232	CHEMBL3123	19	61
1233	CHEMBL3122	150	11
1234	CHEMBL3125	11	78
1235	CHEMBL4825	50	3
1236	CHEMBL4820	27	6
1237	CHEMBL4822	1657	544
1238	CHEMBL4829	242	26
1239	CHEMBL4828	102	31
1240	CHEMBL2459	11	1
1241	CHEMBL2789	213	25
1242	CHEMBL1744525	49	7
1243	CHEMBL1795192	13	59
1244	CHEMBL4959	21	20
1245	CHEMBL4958	31	141
1246	CHEMBL4954	40	53
1247	CHEMBL4956	56	4
1248	CHEMBL2111407	38	1
1249	CHEMBL5979	49	28
1250	CHEMBL5970	30	44
1251	CHEMBL5971	248	57
1252	CHEMBL5973	80	28
1253	CHEMBL5975	24	55
1254	CHEMBL2095181	69	12
1255	CHEMBL1671613	73	1
1256	CHEMBL5476	25	49
1257	CHEMBL2074	70	45
1258	CHEMBL3998	222	79
1259	CHEMBL4665	13	4
1260	CHEMBL1868	539	290
1261	CHEMBL1869	12	7
1262	CHEMBL1867	581	86
1263	CHEMBL1864	52	2
1264	CHEMBL1865	496	168
1265	CHEMBL1862	671	241
1266	CHEMBL1860	215	70
1267	CHEMBL5818	10	75
1268	CHEMBL4038	17	0
1269	CHEMBL4039	20	32
1270	CHEMBL4036	105	178
1271	CHEMBL5570	55	3
1272	CHEMBL4035	63	4
1273	CHEMBL4032	12	14
1274	CHEMBL4033	110	22
1275	CHEMBL4780	172	64
1276	CHEMBL4781	98	17
1277	CHEMBL4788	31	11
1278	CHEMBL4789	153	86
1279	CHEMBL4142	71	65
1280	CHEMBL4143	30	2
1281	CHEMBL4140	139	42
1282	CHEMBL4147	23	58
1283	CHEMBL4145	54	62
1284	CHEMBL5200	17	0
1285	CHEMBL2660	10	7
1286	CHEMBL4768	291	100
1287	CHEMBL4769	62	50
1288	CHEMBL2664	80	52
1289	CHEMBL2669	18	27
1290	CHEMBL4760	15	45
1291	CHEMBL4761	66	16
1292	CHEMBL4766	14	63
1293	CHEMBL4767	150	29
1294	CHEMBL1907588	21	12
1295	CHEMBL1907589	186	147
1296	CHEMBL5205	10	40
1297	CHEMBL1907587	65	15
1298	CHEMBL5145	429	170
1299	CHEMBL5147	325	167
1300	CHEMBL5141	61	6
1301	CHEMBL4367	35	56
1302	CHEMBL4497	53	32
1303	CHEMBL4360	44	2
1304	CHEMBL4361	82	14
1305	CHEMBL5786	45	13
1306	CHEMBL5785	63	99
1307	CHEMBL5784	26	74
1308	CHEMBL4979	135	68
1309	CHEMBL5364	18	66
1310	CHEMBL2304421	16	5
1311	CHEMBL5366	35	0
1312	CHEMBL5360	36	53
1313	CHEMBL2154	14	3
1314	CHEMBL2409	831	102
1315	CHEMBL5368	30	35
1316	CHEMBL2794	22	4
1317	CHEMBL2793	21	70
1318	CHEMBL2792	17	10
1319	CHEMBL2799	26	3
1320	CHEMBL2798	55	11
1321	CHEMBL2880	16	6
1322	CHEMBL2883	23	118
1323	CHEMBL2882	70	46
1324	CHEMBL2885	37	92
1325	CHEMBL2889	66	65
1326	CHEMBL2888	10	13
1327	CHEMBL2095165	73	31
1328	CHEMBL2095164	302	147
1329	CHEMBL2095167	57	1
1330	CHEMBL2095166	90	87
1331	CHEMBL2065	101	64
1332	CHEMBL2063	38	9
1333	CHEMBL2061	299	36
1334	CHEMBL4561	927	73
1335	CHEMBL5569	10	0
1336	CHEMBL2095	17	0
1337	CHEMBL4564	140	15
1338	CHEMBL2069	552	186
1339	CHEMBL4567	25	2
1340	CHEMBL2539	14	37
1341	CHEMBL3337	91	24
1342	CHEMBL3331	18	11
1343	CHEMBL3332	358	14
1344	CHEMBL3333	60	22
1345	CHEMBL5211	48	9
1346	CHEMBL2246	21	28
1347	CHEMBL3338	181	50
1348	CHEMBL2534	189	136
1349	CHEMBL2536	90	9
1350	CHEMBL2088	40	25
1351	CHEMBL2083	86	40
1352	CHEMBL3932	21	1
1353	CHEMBL3933	76	3
1354	CHEMBL3422	19	0
1355	CHEMBL3423	154	58
1356	CHEMBL3426	173	66
1357	CHEMBL3427	112	55
1358	CHEMBL3429	41	2
1359	CHEMBL3938	27	56
1360	CHEMBL3759	699	136
1361	CHEMBL3201	56	23
1362	CHEMBL3202	149	131
1363	CHEMBL3203	37	33
1364	CHEMBL2095943	53	3
1365	CHEMBL2095942	141	14
1366	CHEMBL6140	55	5
1367	CHEMBL6141	724	82
1368	CHEMBL2331	121	212
1369	CHEMBL2337	541	82
1370	CHEMBL2689	48	74
1371	CHEMBL2335	95	35
1372	CHEMBL2334	710	191
1373	CHEMBL1681617	10	0
1374	CHEMBL6149	15	58
1375	CHEMBL2111366	39	8
1376	CHEMBL2111367	11	7
1377	CHEMBL2111360	91	3
1378	CHEMBL2285348	36	10
1379	CHEMBL2111363	37	5
1380	CHEMBL275	487	64
1381	CHEMBL274	1481	114
1382	CHEMBL277	18	5
1383	CHEMBL276	638	179
1384	CHEMBL270	1775	301
1385	CHEMBL273	3500	449
1386	CHEMBL279	3242	981
1387	CHEMBL278	190	3
1388	CHEMBL3684	16	6
1389	CHEMBL3687	61	122
1390	CHEMBL3683	77	61
1391	CHEMBL3688	25	1
1392	CHEMBL4894	18	5
1393	CHEMBL3415	70	7
1394	CHEMBL3118	16	4
1395	CHEMBL3114	61	39
1396	CHEMBL3116	65	78
1397	CHEMBL3117	25	35
1398	CHEMBL2555	13	3
1399	CHEMBL4816	124	125
1400	CHEMBL309	391	78
1401	CHEMBL308	712	484
1402	CHEMBL2802	173	68
1403	CHEMBL301	999	659
1404	CHEMBL2805	17	0
1405	CHEMBL302	1248	308
1406	CHEMBL304	995	178
1407	CHEMBL307	127	50
1408	CHEMBL2552	38	31
1409	CHEMBL2366512	90	13
1410	CHEMBL2366510	10	0
1411	CHEMBL2366517	23	0
1412	CHEMBL2366516	10	1
1413	CHEMBL4968	10	0
1414	CHEMBL2111416	114	9
1415	CHEMBL2111414	79	57
1416	CHEMBL2111413	47	28
1417	CHEMBL4617	140	57
1418	CHEMBL3607	40	64
1419	CHEMBL5969	22	57
1420	CHEMBL4618	364	94
1421	CHEMBL3230	158	39
1422	CHEMBL2242731	32	3
1423	CHEMBL1878	160	41
1424	CHEMBL1875	254	28
1425	CHEMBL1871	1034	217
1426	CHEMBL1870	103	14
1427	CHEMBL1873	188	377
1428	CHEMBL4029	191	29
1429	CHEMBL4028	129	18
1430	CHEMBL4027	85	43
1431	CHEMBL4026	132	57
1432	CHEMBL2323	84	31
1433	CHEMBL2111370	13	4
1434	CHEMBL4431	17	0
1435	CHEMBL1681620	40	1
1436	CHEMBL203	2471	1304
1437	CHEMBL2461	130	5
1438	CHEMBL2111377	11	7
1439	CHEMBL4797	15	6
1440	CHEMBL4796	62	61
1441	CHEMBL4794	247	62
1442	CHEMBL4793	270	689
1443	CHEMBL4792	151	32
1444	CHEMBL4791	290	88
1445	CHEMBL4151	13	29
1446	CHEMBL4150	87	68
1447	CHEMBL4153	691	73
1448	CHEMBL2268003	21	0
1449	CHEMBL2268005	22	21
1450	CHEMBL4158	42	49
1451	CHEMBL4779	73	98
1452	CHEMBL5684	20	62
1453	CHEMBL5683	19	61
1454	CHEMBL2652	92	115
1455	CHEMBL4773	28	8
1456	CHEMBL4772	98	25
1457	CHEMBL2659	29	4
1458	CHEMBL4777	447	113
1459	CHEMBL5689	48	6
1460	CHEMBL4489	33	5
1461	CHEMBL5174	29	26
1462	CHEMBL4482	21	155
1463	CHEMBL4481	577	260
1464	CHEMBL4487	14	74
1465	CHEMBL4375	23	60
1466	CHEMBL4376	65	54
1467	CHEMBL5776	36	41
1468	CHEMBL4370	40	35
1469	CHEMBL5774	43	4
1470	CHEMBL4372	191	212
1471	CHEMBL4378	14	3
1472	CHEMBL5198	24	58
1473	CHEMBL5192	27	80
1474	CHEMBL2095178	399	41
1475	CHEMBL2095179	10	1
1476	CHEMBL2095172	47	27
1477	CHEMBL2095173	125	69
1478	CHEMBL2095171	79	66
1479	CHEMBL2095177	166	58
1480	CHEMBL5517	72	0
1481	CHEMBL5514	11	11
1482	CHEMBL4578	24	56
1483	CHEMBL4577	32	43
1484	CHEMBL4576	32	43
1485	CHEMBL4574	15	67
1486	CHEMBL5518	38	39
1487	CHEMBL5519	11	70
1488	CHEMBL2508	13	7
1489	CHEMBL5221	52	46
1490	CHEMBL5135	36	10
1491	CHEMBL6145	21	4
1492	CHEMBL5358	25	53
1493	CHEMBL2439	27	8
1494	CHEMBL3923	163	10
1495	CHEMBL3922	389	69
1496	CHEMBL3924	15	37
1497	CHEMBL3927	28	56
1498	CHEMBL5350	20	10
1499	CHEMBL2431	344	133
1500	CHEMBL5353	163	16
1501	CHEMBL2434	455	35
1502	CHEMBL5355	25	2
1503	CHEMBL5356	25	0
1504	CHEMBL3438	46	100
1505	CHEMBL2094130	482	72
1506	CHEMBL2094135	144	15
1507	CHEMBL2094134	74	71
1508	CHEMBL3218	14	14
1509	CHEMBL2094139	23	4
1510	CHEMBL3740	36	21
1511	CHEMBL3744	21	25
1512	CHEMBL3747	14	4
1513	CHEMBL3746	80	313
1514	CHEMBL2997	20	20
1515	CHEMBL2343	22	104
1516	CHEMBL2340	11	1
1517	CHEMBL6150	13	59
1518	CHEMBL2995	10	0
1519	CHEMBL6159	14	13
1520	CHEMBL2349	24	57
1521	CHEMBL266	62	3
1522	CHEMBL267	1875	992
1523	CHEMBL265	627	335
1524	CHEMBL263	415	23
1525	CHEMBL260	2628	520
1526	CHEMBL261	1966	561
1527	CHEMBL3693	47	19
1528	CHEMBL3691	101	35
1529	CHEMBL3690	28	22
1530	CHEMBL268	1406	287
1531	CHEMBL269	1276	258
1532	CHEMBL2991	58	16
1533	CHEMBL2622	229	246
1534	CHEMBL3192	355	134
1535	CHEMBL3326	32	20
1536	CHEMBL2575	136	90
1537	CHEMBL2095189	230	112
1538	CHEMBL3106	65	52
1539	CHEMBL3105	1073	102
1540	CHEMBL4805	830	15
1541	CHEMBL4804	198	166
1542	CHEMBL4803	244	408
1543	CHEMBL4802	33	277
1544	CHEMBL4801	557	199
1545	CHEMBL4800	23	3
1546	CHEMBL1075189	58	19
1547	CHEMBL318	2194	645
1548	CHEMBL319	436	55
1549	CHEMBL312	970	290
1550	CHEMBL313	2899	305
1551	CHEMBL311	171	19
1552	CHEMBL317	34	6
1553	CHEMBL315	59	14
1554	CHEMBL5314	21	60
1555	CHEMBL6080	62	5
1556	CHEMBL6083	18	56
1557	CHEMBL6082	27	53
1558	CHEMBL5316	15	65
1559	CHEMBL2095180	37	2
1560	CHEMBL5310	16	65
1561	CHEMBL5258	15	64
1562	CHEMBL4973	37	61
1563	CHEMBL4972	28	11
1564	CHEMBL4977	75	24
1565	CHEMBL4975	561	88
1566	CHEMBL2381	15	8
1567	CHEMBL2111420	11	0
1568	CHEMBL2111429	127	10
1569	CHEMBL2386	65	106
1570	CHEMBL5990	13	20
1571	CHEMBL1275217	27	3
1572	CHEMBL1275212	81	10
1573	CHEMBL1841	98	148
1574	CHEMBL1844	474	98
1575	CHEMBL1847	17	0
1576	CHEMBL1849	94	59
1577	CHEMBL4010	33	0
1578	CHEMBL4012	19	0
1579	CHEMBL4013	28	2
1580	CHEMBL4014	35	48
1581	CHEMBL4015	947	112
1582	CHEMBL4016	115	57
1583	CHEMBL4017	44	2
1584	CHEMBL4018	65	95
1585	CHEMBL1795171	20	15
1586	CHEMBL5461	11	8
1587	CHEMBL2094116	757	160
1588	CHEMBL3507	12	8
1589	CHEMBL5558	29	1
1590	CHEMBL1997	220	53
1591	CHEMBL1994	243	82
1592	CHEMBL4167	13	15
1593	CHEMBL1993	18	36
1594	CHEMBL4162	15	16
1595	CHEMBL1991	711	238
1596	CHEMBL2407	58	110
1597	CHEMBL2654	31	12
1598	CHEMBL4744	114	10
1599	CHEMBL5699	31	48
1600	CHEMBL5698	31	48
1601	CHEMBL2056	541	139
1602	CHEMBL5550	12	69
1603	CHEMBL2734	86	13
1604	CHEMBL5161	13	25
1605	CHEMBL4342	39	35
1606	CHEMBL4343	12	52
1607	CHEMBL5761	14	15
1608	CHEMBL5763	388	157
1609	CHEMBL5765	14	0
1610	CHEMBL5767	81	13
1611	CHEMBL5555	248	30
1612	CHEMBL5189	33	22
1613	CHEMBL5185	19	6
1614	CHEMBL5187	10	2
1615	CHEMBL2378	23	53
1616	CHEMBL2649	34	110
1617	CHEMBL1995	200	160
1618	CHEMBL4586	27	68
1619	CHEMBL5500	40	44
1620	CHEMBL4588	785	130
1621	CHEMBL2647	23	4
1622	CHEMBL5508	114	32
1623	CHEMBL4161	23	43
1624	CHEMBL2517	28	12
1625	CHEMBL2514	16	0
1626	CHEMBL3590	160	27
1627	CHEMBL3592	13	22
1628	CHEMBL3593	116	13
1629	CHEMBL3594	933	141
1630	CHEMBL3595	15	9
1631	CHEMBL3597	38	2
1632	CHEMBL2370	34	2
1633	CHEMBL3486	71	60
1634	CHEMBL2336	175	15
1635	CHEMBL3916	63	19
1636	CHEMBL3917	27	17
1637	CHEMBL3910	668	30
1638	CHEMBL3911	305	16
1639	CHEMBL3912	54	5
1640	CHEMBL2428	54	70
1641	CHEMBL5431	28	2
1642	CHEMBL2426	15	86
1643	CHEMBL2425	552	144
1644	CHEMBL2424	30	85
1645	CHEMBL3918	23	72
1646	CHEMBL3919	30	6
1647	CHEMBL2421	29	1
1648	CHEMBL2094122	604	63
1649	CHEMBL2094123	77	10
1650	CHEMBL2094120	601	70
1651	CHEMBL2094121	536	80
1652	CHEMBL2094126	569	196
1653	CHEMBL2094127	387	194
1654	CHEMBL2094125	461	449
1655	CHEMBL3774	17	4
1656	CHEMBL3775	110	130
1657	CHEMBL3776	238	165
1658	CHEMBL2094129	322	100
1659	CHEMBL3771	114	75
1660	CHEMBL3772	74	60
1661	CHEMBL2171	13	79
1662	CHEMBL259	1718	174
1663	CHEMBL258	1233	571
1664	CHEMBL253	2261	514
1665	CHEMBL252	1044	97
1666	CHEMBL251	2662	755
1667	CHEMBL250	357	37
1668	CHEMBL257	502	70
1669	CHEMBL256	2455	522
1670	CHEMBL255	1225	250
1671	CHEMBL2009	58	13
1672	CHEMBL2278	16	3
1673	CHEMBL3358	453	406
1674	CHEMBL3359	49	13
1675	CHEMBL3357	34	52
1676	CHEMBL3351	122	100
1677	CHEMBL4740	25	1
1678	CHEMBL3176	33	4
1679	CHEMBL3171	25	16
1680	CHEMBL3179	20	5
1681	CHEMBL329	57	77
1682	CHEMBL327	35	33
1683	CHEMBL326	299	16
1684	CHEMBL325	1330	223
1685	CHEMBL324	414	94
1686	CHEMBL323	61	0
1687	CHEMBL322	1324	239
1688	CHEMBL321	1812	643
1689	CHEMBL320	154	64
1690	CHEMBL1075146	15	91
1691	CHEMBL1075145	25	2
1692	CHEMBL3000	16	7
1693	CHEMBL3004	122	62
1694	CHEMBL4905	12	15
1695	CHEMBL4903	14	41
1696	CHEMBL4900	21	74
1697	CHEMBL4901	28	93
1698	CHEMBL2111431	48	24
1699	CHEMBL4909	35	22
1700	CHEMBL3367	70	5
1701	CHEMBL1770047	30	0
1702	CHEMBL2288	47	98
1703	CHEMBL2366401	29	0
1704	CHEMBL6184	174	24
1705	CHEMBL6186	15	57
1706	CHEMBL2366408	52	43
1707	CHEMBL3377	128	92
1708	CHEMBL5980	10	34
1709	CHEMBL5983	16	1
1710	CHEMBL5982	34	6
1711	CHEMBL5989	29	3
1712	CHEMBL2281	11	19
1713	CHEMBL2601	15	15
1714	CHEMBL1857	25	71
1715	CHEMBL1856	364	55
1716	CHEMBL1855	1055	46
1717	CHEMBL1853	114	87
1718	CHEMBL1850	153	72
1719	CHEMBL1859	47	0
1720	CHEMBL2093870	1156	167
1721	CHEMBL4005	1285	272
1722	CHEMBL4004	26	53
1723	CHEMBL4001	23	0
1724	CHEMBL2096975	21	27
1725	CHEMBL2096973	41	53
1726	CHEMBL4009	12	24
1727	CHEMBL2096970	36	24
1728	CHEMBL3622	23	7
1729	CHEMBL3626	29	0
1730	CHEMBL3253	24	44
1731	CHEMBL4179	315	232
1732	CHEMBL4177	14	6
1733	CHEMBL3251	24	41
1734	CHEMBL1985	493	94
1735	CHEMBL1987	81	75
1736	CHEMBL3250	77	13
1737	CHEMBL1981	318	445
1738	CHEMBL1980	62	113
1739	CHEMBL1983	1153	105
1740	CHEMBL1982	17	2
1741	CHEMBL1989	20	0
1742	CHEMBL2034	1221	204
1743	CHEMBL3360	244	112
1744	CHEMBL2035	320	157
1745	CHEMBL2301	13	1
1746	CHEMBL4358	107	31
1747	CHEMBL4355	48	37
1748	CHEMBL4354	723	105
1749	CHEMBL4350	12	0
1750	CHEMBL5754	14	65
1751	CHEMBL5756	14	0
1752	CHEMBL5753	14	66
1753	CHEMBL1075128	10	2
1754	CHEMBL6114	15	22
1755	CHEMBL2742	38	81
1756	CHEMBL2741	29	5
1757	CHEMBL2745	19	62
1758	CHEMBL2748	39	11
1759	CHEMBL2749	239	174
1760	CHEMBL228	3167	521
1761	CHEMBL4514	16	0
1762	CHEMBL6056	78	0
1763	CHEMBL4516	29	74
1764	CHEMBL5538	34	15
1765	CHEMBL2095154	266	26
1766	CHEMBL2095157	204	107
1767	CHEMBL2095158	115	57
1768	CHEMBL2095159	242	97
1769	CHEMBL5533	44	41
1770	CHEMBL5536	34	0
1771	CHEMBL2724	43	2
1772	CHEMBL2988	13	26
1773	CHEMBL4592	16	8
1774	CHEMBL4597	31	50
1775	CHEMBL4596	65	11
1776	CHEMBL2980	60	51
1777	CHEMBL4598	25	57
1778	CHEMBL2635	44	169
1779	CHEMBL2633	13	31
1780	CHEMBL2987	10	7
1781	CHEMBL2567	212	0
1782	CHEMBL5244	19	24
1783	CHEMBL221	618	1329
1784	CHEMBL3436	44	6
1785	CHEMBL3589	367	58
1786	CHEMBL3587	384	154
1787	CHEMBL3582	256	176
1788	CHEMBL2568	456	62
1789	CHEMBL2111358	11	22
1790	CHEMBL1907609	800	288
1791	CHEMBL402	178	22
1792	CHEMBL401	52	76
1793	CHEMBL1907603	117	34
1794	CHEMBL1907602	110	131
1795	CHEMBL1907601	478	285
1796	CHEMBL1907600	669	324
1797	CHEMBL1907606	18	9
1798	CHEMBL1907605	146	21
1799	CHEMBL1907604	36	16
1800	CHEMBL3902	40	43
1801	CHEMBL5348	12	4
1802	CHEMBL3906	14	68
1803	CHEMBL3905	204	122
1804	CHEMBL2181	58	100
1805	CHEMBL2182	42	52
1806	CHEMBL5408	23	58
1807	CHEMBL2185	570	252
1808	CHEMBL2186	66	56
1809	CHEMBL5404	11	69
1810	CHEMBL5406	40	21
1811	CHEMBL5407	80	66
1812	CHEMBL5401	66	0
1813	CHEMBL3762	44	25
1814	CHEMBL3761	41	52
1815	CHEMBL3766	333	154
1816	CHEMBL3764	291	12
1817	CHEMBL2360	15	18
1818	CHEMBL2361	44	109
1819	CHEMBL3769	609	220
1820	CHEMBL3768	291	14
1821	CHEMBL2366	20	47
1822	CHEMBL1255165	57	16
1823	CHEMBL2111333	15	13
1824	CHEMBL249	2093	97
1825	CHEMBL244	4392	822
1826	CHEMBL245	937	173
1827	CHEMBL246	343	40
1828	CHEMBL247	1565	706
1829	CHEMBL240	2599	1743
1830	CHEMBL2167	15	14
1831	CHEMBL2111339	23	1
1832	CHEMBL243	3704	412
1833	CHEMBL3652	18	25
1834	CHEMBL3349	96	5
1835	CHEMBL3348	16	48
1836	CHEMBL1293198	10	6
1837	CHEMBL3345	35	6
1838	CHEMBL3344	23	31
1839	CHEMBL3346	10	2
1840	CHEMBL1293193	11	1
1841	CHEMBL1293191	26	5
1842	CHEMBL5810	29	56
1843	CHEMBL3166	24	114
1844	CHEMBL3161	17	40
1845	CHEMBL3160	407	60
1846	CHEMBL330	554	214
1847	CHEMBL331	370	230
1848	CHEMBL332	2069	1361
1849	CHEMBL333	2247	955
1850	CHEMBL335	1076	958
1851	CHEMBL2721	34	55
1852	CHEMBL338	2388	271
1853	CHEMBL339	3402	870
1854	CHEMBL4580	30	35
1855	CHEMBL4581	548	118
1856	CHEMBL2094118	180	50
1857	CHEMBL2094117	769	295
1858	CHEMBL1795166	17	10
1859	CHEMBL2094115	280	95
1860	CHEMBL2094114	30	2
1861	CHEMBL2094112	406	98
1862	CHEMBL2094111	46	54
1863	CHEMBL4137	16	26
1864	CHEMBL1943	32	14
1865	CHEMBL3018	115	6
1866	CHEMBL1942	327	34
1867	CHEMBL4133	45	60
1868	CHEMBL3013	18	26
1869	CHEMBL3012	188	35
1870	CHEMBL3014	25	6
1871	CHEMBL1944	313	64
1872	CHEMBL4910	10	8
1873	CHEMBL1946	675	30
1874	CHEMBL4919	104	19
1875	CHEMBL6191	56	20
1876	CHEMBL6197	67	0
1877	CHEMBL3982	21	60
1878	CHEMBL1075280	36	3
1879	CHEMBL1075282	26	13
1880	CHEMBL3243909	35	44
1881	CHEMBL3455	92	15
1882	CHEMBL2243	592	235
1883	CHEMBL5568	23	64
1884	CHEMBL3985	44	11
1885	CHEMBL3308	106	112
1886	CHEMBL5332	35	66
1887	CHEMBL2518	12	50
1888	CHEMBL5335	21	1
1889	CHEMBL2093863	888	363
1890	CHEMBL2093866	71	52
1891	CHEMBL2093867	117	199
1892	CHEMBL2093864	1125	233
1893	CHEMBL2093865	324	129
1894	CHEMBL2093868	356	61
1895	CHEMBL2093869	1016	294
1896	CHEMBL1697667	10	0
1897	CHEMBL4296	326	74
1898	CHEMBL4290	17	5
1899	CHEMBL4108	36	0
1900	CHEMBL4106	158	99
1901	CHEMBL4105	92	61
1902	CHEMBL4102	273	218
1903	CHEMBL4100	11	2
1904	CHEMBL4101	61	106
1905	CHEMBL3452	12	0
1906	CHEMBL4725	25	0
1907	CHEMBL4722	1024	342
1908	CHEMBL4720	16	0
1909	CHEMBL614865	66	9
1910	CHEMBL2047	278	56
1911	CHEMBL5749	32	47
1912	CHEMBL5743	25	0
1913	CHEMBL5742	16	8
1914	CHEMBL4613	14	0
1915	CHEMBL4611	23	73
1916	CHEMBL4616	517	60
1917	CHEMBL1889	450	45
1918	CHEMBL4614	37	14
1919	CHEMBL1886	96	12
1920	CHEMBL1881	172	110
1921	CHEMBL1882	74	9
1922	CHEMBL2753	20	52
1923	CHEMBL4439	381	201
1924	CHEMBL2755	30	95
1925	CHEMBL2756	125	122
1926	CHEMBL2758	26	9
1927	CHEMBL4430	141	62
1928	CHEMBL1163112	12	62
1929	CHEMBL1163116	90	32
1930	CHEMBL2041	193	112
1931	CHEMBL4334	22	7
1932	CHEMBL5526	27	39
1933	CHEMBL5525	109	6
1934	CHEMBL5520	13	65
1935	CHEMBL2999	17	64
1936	CHEMBL2625	300	69
1937	CHEMBL2996	495	169
1938	CHEMBL2627	54	0
1939	CHEMBL2994	27	5
1940	CHEMBL2993	412	355
1941	CHEMBL2992	10	41
1942	CHEMBL2623	45	36
1943	CHEMBL2581	612	309
1944	CHEMBL2577	72	3
1945	CHEMBL5256	23	58
1946	CHEMBL5251	83	96
1947	CHEMBL2573	41	30
1948	CHEMBL3459	261	115
1949	CHEMBL2851	292	54
1950	CHEMBL2578	81	1
1951	CHEMBL2095185	46	104
1952	CHEMBL2095184	315	21
1953	CHEMBL1907610	2354	506
1954	CHEMBL5432	31	49
1955	CHEMBL3979	589	223
1956	CHEMBL3976	508	823
1957	CHEMBL5435	22	51
1958	CHEMBL3974	382	30
1959	CHEMBL3975	335	105
1960	CHEMBL3972	63	30
1961	CHEMBL3973	19	70
1962	CHEMBL5413	73	3
1963	CHEMBL5412	44	0
1964	CHEMBL3421	11	14
1965	CHEMBL5416	12	67
1966	CHEMBL5415	24	50
1967	CHEMBL5414	167	53
1968	CHEMBL5419	40	23
1969	CHEMBL3717	937	338
1970	CHEMBL5869	12	42
1971	CHEMBL3710	462	96
1972	CHEMBL4653	144	12
1973	CHEMBL2373	105	25
1974	CHEMBL2372	39	25
1975	CHEMBL3718	36	13
1976	CHEMBL3719	39	6
1977	CHEMBL2179	93	138
1978	CHEMBL2111322	23	38
1979	CHEMBL4884	31	26
1980	CHEMBL3482	18	55
1981	CHEMBL3480	27	11
1982	CHEMBL3481	58	59
1983	CHEMBL2111328	15	3
1984	CHEMBL3778	138	87
1985	CHEMBL2095150	150	239
1986	CHEMBL2367	39	15
1987	CHEMBL3802	26	1
1988	CHEMBL3371	1534	132
1989	CHEMBL3373	51	10
1990	CHEMBL3374	258	24
1991	CHEMBL3807	257	110
1992	CHEMBL3805	37	4
1993	CHEMBL3378	30	7
1994	CHEMBL2282	13	11
1995	CHEMBL3808	25	17
1996	CHEMBL1795101	170	25
1997	CHEMBL2286	10	0
1998	CHEMBL2285	246	59
1999	CHEMBL2284	13	102
2000	CHEMBL3629	77	76
2001	CHEMBL3150	42	1
2002	CHEMBL3623	65	39
2003	CHEMBL3154	13	14
2004	CHEMBL3155	833	164
2005	CHEMBL3157	381	76
2006	CHEMBL3399	28	17
2007	CHEMBL3392	84	86
2008	CHEMBL3394	39	33
2009	CHEMBL3508	193	171
2010	CHEMBL6052	10	1
2011	CHEMBL344	1989	139
2012	CHEMBL341	20	1
2013	CHEMBL340	12	6
2014	CHEMBL343	21	0
2015	CHEMBL2094108	1331	279
2016	CHEMBL2094109	170	63
2017	CHEMBL1075165	10	3
2018	CHEMBL1075167	37	36
2019	CHEMBL2576	48	1
2020	CHEMBL3024	348	287
2021	CHEMBL3025	101	50
2022	CHEMBL3026	34	2
2023	CHEMBL3027	21	3
2024	CHEMBL3021	39	5
2025	CHEMBL2111459	70	5
2026	CHEMBL2111450	10	21
2027	CHEMBL2111456	28	2
2028	CHEMBL2111457	10	21
2029	CHEMBL2366420	10	0
2030	CHEMBL2366425	11	0
2031	CHEMBL4245	13	0
2032	CHEMBL6002	17	64
2033	CHEMBL5575	36	17
2034	CHEMBL241	111	95
2035	CHEMBL3243910	52	0
2036	CHEMBL3243913	24	3
2037	CHEMBL2289	33	77
